airline,date_of_journey,source,destination,dep_time,arrival_time,duration,total_stops,additional_info,price
Indigo,2019-06-09,Kolkata,Banglore,,10:20:00,240,1.0,No Info,4226
Jet Airways,2019-05-09,Kolkata,Banglore,,,730,1.0,In-flight meal not included,9663
Indigo,2019-06-18,Delhi,Cochin,,08:50:00,195,0.0,No Info,5000
Jet Airways,2019-03-15,Banglore,New Delhi,,15:15:00,435,1.0,In-flight meal not included,9134
Vistara,2019-06-21,Delhi,Cochin,,09:10:00,190,0.0,No Info,6216
Air Asia,2019-06-03,Delhi,Cochin,,15:45:00,470,1.0,No Info,8759
Indigo,2019-03-27,Delhi,Cochin,,16:10:00,570,1.0,No Info,6442
Jet Airways,2019-05-01,Kolkata,Banglore,,,800,1.0,No Info,11467
Jet Airways,2019-05-01,Kolkata,Banglore,,,1745,1.0,No Info,14151
Jet Airways,2019-05-18,Delhi,Cochin,,,1390,2.0,No Info,15129
Jet Airways,2019-06-06,Delhi,Cochin,,,1680,1.0,No Info,14714
Multiple Carriers,2019-06-03,Delhi,Cochin,,22:30:00,765,1.0,No Info,9646
Air India,2019-06-09,Delhi,Cochin,,,1560,2.0,No Info,12199
Indigo,2019-03-18,Kolkata,Banglore,,12:55:00,165,0.0,No Info,4462
Jet Airways,2019-06-24,Delhi,Cochin,,19:00:00,450,1.0,No Info,14714
Jet Airways,2019-03-21,Banglore,New Delhi,,23:00:00,900,1.0,In-flight meal not included,7832
Jet Airways,2019-05-18,Kolkata,Banglore,,20:45:00,740,1.0,In-flight meal not included,10844
Indigo,2019-03-21,Banglore,New Delhi,,03:25:00,165,0.0,No Info,4944
Air India,2019-03-18,Kolkata,Banglore,,23:20:00,155,0.0,No Info,4435
Indigo,2019-03-01,Mumbai,Hyderabad,,04:00:00,90,0.0,No Info,16000
Jet Airways,2019-05-21,Banglore,Delhi,,22:00:00,185,0.0,No Info,7229
Indigo,2019-05-09,Delhi,Cochin,,20:00:00,290,1.0,No Info,6147
Vistara,2019-06-06,Kolkata,Banglore,,,1625,1.0,No Info,9345
Jet Airways,2019-05-18,Delhi,Cochin,,,1375,2.0,No Info,15129
Jet Airways,2019-05-15,Kolkata,Banglore,,17:35:00,435,1.0,In-flight meal not included,5608
Indigo,2019-03-06,Delhi,Cochin,,21:20:00,765,2.0,No Info,7682
Jet Airways,2019-05-18,Delhi,Cochin,,,1390,2.0,No Info,16704
Multiple Carriers,2019-06-01,Delhi,Cochin,,22:30:00,555,1.0,No Info,9646
Jet Airways,2019-05-12,Kolkata,Banglore,,,1285,1.0,In-flight meal not included,10844
Spicejet,2019-03-15,Banglore,New Delhi,,12:30:00,175,0.0,No check-in baggage included,6205
Indigo,2019-03-24,Chennai,Kolkata,,07:35:00,140,0.0,No Info,4326
Jet Airways,2019-03-21,Delhi,Cochin,,18:50:00,485,2.0,No Info,11360
Indigo,2019-05-01,Mumbai,Hyderabad,,21:40:00,95,0.0,No Info,2227
Jet Airways,2019-04-01,Kolkata,Banglore,,,800,1.0,No Info,14151
Jet Airways,2019-05-27,Banglore,Delhi,,08:45:00,165,0.0,No Info,7229
Indigo,2019-03-18,Banglore,New Delhi,,17:05:00,295,1.0,No Info,4410
Jet Airways,2019-06-09,Delhi,Cochin,,19:00:00,810,2.0,No Info,13014
Jet Airways,2019-06-06,Delhi,Cochin,,,1280,1.0,In-flight meal not included,10262
Indigo,2019-06-12,Mumbai,Hyderabad,,18:25:00,90,0.0,No Info,3175
Vistara,2019-06-01,Delhi,Cochin,,09:10:00,190,0.0,No Info,6741
Air India,2019-06-18,Delhi,Cochin,,21:10:00,185,0.0,No Info,5201
Indigo,2019-06-18,Mumbai,Hyderabad,,04:05:00,90,0.0,No Info,2754
Jet Airways,2019-05-21,Banglore,Delhi,,10:10:00,180,0.0,In-flight meal not included,4030
Indigo,2019-04-06,Banglore,Delhi,,13:20:00,170,0.0,No Info,4423
Jet Airways,2019-03-06,Banglore,New Delhi,,,1555,1.0,No Info,14815
Indigo,2019-03-06,Chennai,Kolkata,,15:35:00,135,0.0,No Info,7295
Vistara,2019-06-12,Delhi,Cochin,,17:50:00,190,0.0,No Info,6216
Indigo,2019-04-01,Banglore,Delhi,,22:50:00,170,0.0,No Info,4823
Jet Airways,2019-05-09,Delhi,Cochin,,,1125,2.0,In-flight meal not included,13029
Jet Airways,2019-05-21,Delhi,Cochin,,,450,1.0,No Info,16079
Jet Airways,2019-03-21,Delhi,Cochin,,,1365,2.0,No Info,11543
Jet Airways,2019-03-12,Banglore,New Delhi,,,850,1.0,In-flight meal not included,11087
Air India,2019-05-15,Kolkata,Banglore,,,965,1.0,No Info,6117
Jet Airways,2019-03-24,Kolkata,Banglore,,,725,1.0,No Info,14231
Jet Airways,2019-03-24,Kolkata,Banglore,,16:20:00,590,1.0,No Info,13339
Indigo,2019-04-27,Kolkata,Banglore,,07:15:00,155,0.0,No Info,4804
Jet Airways,2019-05-09,Kolkata,Banglore,,,1080,1.0,No Info,11467
Jet Airways,2019-05-06,Banglore,Delhi,,08:45:00,165,0.0,In-flight meal not included,5198
Air India,2019-06-06,Kolkata,Banglore,,,1165,2.0,No Info,12009
Air India,2019-05-18,Kolkata,Banglore,,,1100,2.0,No Info,13243
Spicejet,2019-06-18,Kolkata,Banglore,,11:25:00,145,0.0,No Info,3873
Indigo,2019-05-15,Delhi,Cochin,,21:00:00,625,1.0,No Info,6979
Jet Airways,2019-05-09,Delhi,Cochin,,,1225,1.0,In-flight meal not included,12373
Indigo,2019-05-27,Banglore,Delhi,,15:50:00,170,0.0,No Info,3943
Indigo,2019-05-09,Chennai,Kolkata,,14:00:00,145,0.0,No Info,4332
Indigo,2019-04-27,Delhi,Cochin,,,345,1.0,No Info,6307
Indigo,2019-06-09,Kolkata,Banglore,,20:30:00,320,1.0,No Info,7095
Goair,2019-06-24,Banglore,Delhi,,23:40:00,165,0.0,No Info,3419
Air India,2019-05-12,Kolkata,Banglore,,,920,2.0,No Info,13243
Multiple Carriers,2019-06-12,Delhi,Cochin,,21:00:00,660,1.0,No Info,13587
Jet Airways,2019-04-01,Kolkata,Banglore,,,735,1.0,In-flight meal not included,7064
Jet Airways,2019-05-01,Kolkata,Banglore,,,1315,1.0,In-flight meal not included,9663
Air India,2019-05-27,Delhi,Cochin,,,1855,2.0,No Info,12488
Goair,2019-04-24,Delhi,Cochin,,13:35:00,370,1.0,No Info,4692
Air Asia,2019-05-21,Kolkata,Banglore,,,150,0.0,No Info,4107
Jet Airways,2019-05-12,Kolkata,Banglore,,19:50:00,685,1.0,In-flight meal not included,8586
Jet Airways,2019-03-21,Banglore,New Delhi,,16:10:00,435,1.0,In-flight meal not included,7832
Indigo,2019-04-15,Banglore,Delhi,,03:25:00,175,0.0,No Info,4284
Multiple Carriers,2019-06-27,Delhi,Cochin,,,390,1.0,No Info,6795
Multiple Carriers,2019-05-18,Delhi,Cochin,,21:00:00,840,1.0,No Info,8073
Indigo,2019-04-01,Delhi,Cochin,,12:10:00,275,1.0,No Info,5073
Jet Airways,2019-06-06,Delhi,Cochin,,,1375,2.0,In-flight meal not included,10368
Jet Airways,2019-05-06,Kolkata,Banglore,,,1330,1.0,In-flight meal not included,8586
Jet Airways,2019-05-27,Delhi,Cochin,,19:00:00,450,1.0,In-flight meal not included,9732
Jet Airways,2019-06-15,Delhi,Cochin,,,1375,2.0,No Info,13014
Jet Airways,2019-06-09,Kolkata,Banglore,,,1500,1.0,No Info,14151
Indigo,2019-03-06,Kolkata,Banglore,,19:55:00,160,0.0,No Info,5618
Indigo,2019-06-09,Delhi,Cochin,,22:30:00,895,1.0,No Info,6442
Indigo,2019-06-06,Banglore,Delhi,,21:50:00,175,0.0,No Info,4990
Jet Airways,2019-05-12,Kolkata,Banglore,,,800,1.0,No Info,14151
Multiple Carriers,2019-03-09,Delhi,Cochin,,12:55:00,640,1.0,In-flight meal not included,18260
Air India,2019-03-06,Delhi,Cochin,,,1565,1.0,No Info,11038
Indigo,2019-06-03,Delhi,Cochin,,12:10:00,275,1.0,No Info,6069
Indigo,2019-04-24,Banglore,Delhi,,,170,0.0,No Info,3943
Jet Airways,2019-06-06,Delhi,Cochin,,,1680,1.0,In-flight meal not included,10262
Jet Airways,2019-04-09,Banglore,Delhi,,08:45:00,165,0.0,No Info,7229
Air India,2019-06-15,Delhi,Cochin,,,1245,2.0,No Info,11753
Indigo,2019-06-21,Mumbai,Hyderabad,,04:05:00,90,0.0,No Info,2754
Indigo,2019-03-18,Delhi,Cochin,,,195,0.0,No Info,5021
Jet Airways,2019-05-27,Delhi,Cochin,,,1280,1.0,In-flight meal not included,12898
Jet Airways,2019-06-12,Delhi,Cochin,,12:35:00,425,2.0,In-flight meal not included,13344
Spicejet,2019-06-12,Delhi,Cochin,,22:50:00,295,1.0,No Info,4957
Jet Airways,2019-04-01,Kolkata,Banglore,,16:20:00,590,1.0,In-flight meal not included,7851
Multiple Carriers,2019-05-27,Delhi,Cochin,,19:15:00,630,1.0,No Info,10051
Jet Airways,2019-05-18,Kolkata,Banglore,,,865,1.0,No Info,14388
Spicejet,2019-03-24,Banglore,New Delhi,,23:20:00,170,0.0,No check-in baggage included,5469
Jet Airways,2019-06-15,Mumbai,Hyderabad,,11:50:00,90,0.0,In-flight meal not included,4050
Jet Airways,2019-05-21,Delhi,Cochin,,,810,2.0,No Info,15129
Jet Airways,2019-06-24,Delhi,Cochin,,,1375,2.0,In-flight meal not included,10368
Air India,2019-04-01,Kolkata,Banglore,,,920,2.0,No Info,10408
Multiple Carriers,2019-03-21,Delhi,Cochin,,21:00:00,570,1.0,No Info,13062
Air India,2019-05-01,Banglore,Delhi,,16:10:00,170,0.0,No Info,6121
Indigo,2019-06-09,Delhi,Cochin,,10:05:00,295,1.0,No Info,6496
Jet Airways,2019-06-09,Kolkata,Banglore,,,1585,1.0,In-flight meal not included,10844
Indigo,2019-06-06,Banglore,Delhi,,04:15:00,165,0.0,No Info,3943
Jet Airways,2019-05-01,Mumbai,Hyderabad,,08:30:00,85,0.0,In-flight meal not included,4995
Jet Airways,2019-03-06,Delhi,Cochin,,18:50:00,705,1.0,No Info,17234
Air India,2019-03-03,Mumbai,Hyderabad,,22:25:00,80,0.0,No Info,4937
Indigo,2019-06-12,Delhi,Cochin,,,305,1.0,No Info,10112
Air India,2019-06-01,Banglore,Delhi,,12:45:00,165,0.0,No Info,6961
Indigo,2019-05-06,Banglore,Delhi,,03:25:00,175,0.0,No Info,4284
Multiple Carriers,2019-03-03,Delhi,Cochin,,18:50:00,580,1.0,No Info,15135
Multiple Carriers,2019-06-15,Delhi,Cochin,,21:00:00,835,1.0,No Info,13587
Jet Airways,2019-06-03,Delhi,Cochin,,,1295,2.0,In-flight meal not included,11507
Multiple Carriers,2019-03-09,Delhi,Cochin,,21:00:00,740,1.0,No Info,18228
Jet Airways,2019-05-09,Delhi,Cochin,,19:00:00,715,1.0,In-flight meal not included,12373
Multiple Carriers,2019-06-01,Delhi,Cochin,,12:35:00,525,1.0,No Info,12192
Indigo,2019-06-03,Mumbai,Hyderabad,,10:40:00,90,0.0,No Info,4049
Jet Airways,2019-05-18,Kolkata,Banglore,,,1450,1.0,No Info,14151
Multiple Carriers,2019-03-27,Delhi,Cochin,,19:15:00,755,1.0,No Info,9100
Air India,2019-03-03,Delhi,Cochin,,19:15:00,675,1.0,No Info,15197
Air India,2019-06-18,Mumbai,Hyderabad,,15:25:00,90,0.0,No Info,3100
Multiple Carriers,2019-03-27,Delhi,Cochin,,18:50:00,590,1.0,No Info,11667
Air India,2019-06-03,Delhi,Cochin,,19:15:00,925,1.0,No Info,8669
Indigo,2019-04-09,Kolkata,Banglore,,20:05:00,290,1.0,No Info,4268
Indigo,2019-03-01,Banglore,New Delhi,,19:45:00,170,0.0,No Info,12649
Jet Airways,2019-06-27,Delhi,Cochin,,12:35:00,425,2.0,In-flight meal not included,13344
Multiple Carriers,2019-06-03,Delhi,Cochin,,19:00:00,585,1.0,No Info,11622
Jet Airways,2019-06-06,Kolkata,Banglore,,,1500,1.0,No Info,12692
Air India,2019-05-24,Mumbai,Hyderabad,,16:25:00,85,0.0,No Info,3100
Vistara,2019-05-27,Chennai,Kolkata,,20:05:00,140,0.0,No Info,11982
Air India,2019-05-12,Kolkata,Banglore,,,1410,2.0,No Info,13437
Air India,2019-04-01,Kolkata,Banglore,,,920,2.0,No Info,10408
Air India,2019-06-06,Delhi,Cochin,,19:15:00,675,1.0,No Info,8372
Multiple Carriers,2019-06-15,Delhi,Cochin,,19:00:00,660,1.0,No Info,12192
Air Asia,2019-03-09,Kolkata,Banglore,,22:05:00,150,0.0,No Info,4384
Indigo,2019-04-24,Kolkata,Banglore,,19:50:00,155,0.0,No Info,4804
Jet Airways,2019-05-24,Kolkata,Banglore,,18:00:00,505,1.0,No Info,14151
Spicejet,2019-04-09,Kolkata,Banglore,,20:20:00,315,1.0,No Info,4649
Spicejet,2019-03-15,Kolkata,Banglore,,19:45:00,150,0.0,No check-in baggage included,3815
Multiple Carriers,2019-05-27,Delhi,Cochin,,21:00:00,720,1.0,No Info,7618
Spicejet,2019-06-09,Delhi,Cochin,,22:05:00,380,1.0,No Info,6297
Vistara,2019-06-12,Banglore,Delhi,,19:35:00,155,0.0,No Info,4878
Indigo,2019-04-09,Banglore,Delhi,,21:20:00,175,0.0,No Info,4823
Jet Airways,2019-06-15,Delhi,Cochin,,,1015,1.0,In-flight meal not included,10262
Jet Airways,2019-03-12,Banglore,New Delhi,,12:15:00,390,1.0,No Info,17524
Air India,2019-05-09,Kolkata,Banglore,,,765,2.0,No Info,11432
Jet Airways,2019-05-09,Kolkata,Banglore,,16:20:00,475,1.0,No Info,13941
Multiple Carriers,2019-06-12,Delhi,Cochin,,22:30:00,565,1.0,No Info,9646
Vistara,2019-05-21,Kolkata,Banglore,,,765,1.0,No Info,8452
Spicejet,2019-06-21,Banglore,Delhi,,08:35:00,160,0.0,No Info,3971
Air India,2019-03-15,Banglore,New Delhi,,23:15:00,865,1.0,No Info,8714
Indigo,2019-03-01,Banglore,New Delhi,,,170,0.0,No Info,10067
Air India,2019-05-06,Kolkata,Banglore,,,920,2.0,No Info,13873
Jet Airways,2019-06-12,Kolkata,Banglore,,12:00:00,330,1.0,No Info,13626
Air India,2019-06-06,Delhi,Cochin,,,2280,3.0,No Info,10703
Multiple Carriers,2019-06-15,Delhi,Cochin,,19:00:00,690,1.0,No Info,10877
Air India,2019-06-15,Delhi,Cochin,,,1600,2.0,No Info,10231
Spicejet,2019-06-03,Delhi,Cochin,,13:15:00,270,1.0,No Info,5830
Jet Airways,2019-05-06,Kolkata,Banglore,,,1630,1.0,In-flight meal not included,8066
Indigo,2019-06-15,Mumbai,Hyderabad,,22:50:00,90,0.0,No Info,2227
Air India,2019-03-06,Banglore,New Delhi,,19:50:00,480,1.0,No Info,14594
Multiple Carriers,2019-05-27,Delhi,Cochin,,21:00:00,840,1.0,No Info,7618
Indigo,2019-03-06,Chennai,Kolkata,,07:35:00,140,0.0,No Info,6482
Air Asia,2019-05-15,Delhi,Cochin,,22:25:00,340,1.0,No Info,6752
Jet Airways,2019-06-12,Kolkata,Banglore,,,730,1.0,No Info,12471
Jet Airways,2019-03-21,Banglore,New Delhi,,19:10:00,305,1.0,In-flight meal not included,7832
Air Asia,2019-03-21,Delhi,Cochin,,,660,1.0,No Info,6151
Jet Airways,2019-06-27,Delhi,Cochin,,,825,1.0,In-flight meal not included,10262
Multiple Carriers,2019-03-27,Delhi,Cochin,,19:15:00,510,1.0,No Info,7154
Multiple Carriers,2019-06-15,Delhi,Cochin,,19:15:00,470,1.0,No Info,8614
Jet Airways,2019-05-18,Delhi,Cochin,,19:00:00,810,2.0,No Info,15129
Goair,2019-05-01,Kolkata,Banglore,,,455,1.0,No Info,6484
Indigo,2019-04-09,Banglore,Delhi,,13:00:00,170,0.0,No Info,4423
Jet Airways,2019-05-27,Delhi,Cochin,,19:00:00,440,2.0,In-flight meal not included,19644
Jet Airways,2019-03-06,Banglore,New Delhi,,21:20:00,860,1.0,No Info,16736
Air India,2019-04-15,Kolkata,Banglore,,23:20:00,155,0.0,No Info,4145
Jet Airways,2019-03-27,Mumbai,Hyderabad,,04:25:00,90,0.0,No Info,5678
Air India,2019-03-03,Delhi,Cochin,,,965,1.0,No Info,16352
Indigo,2019-05-15,Delhi,Cochin,,07:25:00,325,1.0,No Info,8618
Jet Airways,2019-05-12,Kolkata,Banglore,,,1170,1.0,In-flight meal not included,10844
Jet Airways,2019-04-01,Kolkata,Banglore,,,585,1.0,No Info,12681
Air India,2019-03-12,Banglore,New Delhi,,,1655,2.0,No Info,11602
Jet Airways,2019-06-09,Delhi,Cochin,,,1015,1.0,In-flight meal not included,10262
Multiple Carriers,2019-06-24,Delhi,Cochin,,19:00:00,615,1.0,No Info,12524
Jet Airways,2019-03-09,Delhi,Cochin,,,1475,1.0,In-flight meal not included,14053
Indigo,2019-03-09,Banglore,New Delhi,,06:50:00,170,0.0,No Info,8033
Spicejet,2019-05-21,Chennai,Kolkata,,12:00:00,135,0.0,No check-in baggage included,3543
Jet Airways,2019-06-12,Delhi,Cochin,,14:15:00,195,0.0,No Info,9564
Jet Airways,2019-06-06,Kolkata,Banglore,,,730,1.0,No Info,14571
Indigo,2019-06-18,Chennai,Kolkata,,21:55:00,140,0.0,No Info,3597
Indigo,2019-03-06,Delhi,Cochin,,21:00:00,710,1.0,No Info,14871
Spicejet,2019-05-18,Mumbai,Hyderabad,,14:45:00,90,0.0,No Info,2227
Spicejet,2019-06-06,Chennai,Kolkata,,12:00:00,135,0.0,No check-in baggage included,3543
Jet Airways,2019-03-21,Delhi,Cochin,,,805,1.0,In-flight meal not included,6017
Multiple Carriers,2019-03-21,Delhi,Cochin,,,485,1.0,No Info,13542
Indigo,2019-06-03,Kolkata,Banglore,,18:05:00,155,0.0,No Info,4804
Jet Airways,2019-05-15,Kolkata,Banglore,,,1360,1.0,In-flight meal not included,10844
Jet Airways,2019-03-24,Kolkata,Banglore,,,975,1.0,In-flight meal not included,11134
Indigo,2019-03-09,Banglore,New Delhi,,04:15:00,165,0.0,No Info,6860
Indigo,2019-06-01,Delhi,Cochin,,07:45:00,345,1.0,No Info,6386
Jet Airways,2019-06-27,Mumbai,Hyderabad,,08:30:00,85,0.0,No Info,8040
Jet Airways,2019-06-06,Banglore,Delhi,,11:20:00,180,0.0,In-flight meal not included,6478
Air India,2019-05-27,Delhi,Cochin,,23:00:00,570,1.0,No Info,8907
Jet Airways,2019-06-27,Delhi,Cochin,,12:35:00,425,2.0,No Info,14441
Indigo,2019-03-24,Banglore,New Delhi,,21:20:00,175,0.0,No Info,7303
Jet Airways,2019-06-24,Delhi,Cochin,,19:00:00,810,2.0,No Info,13014
Jet Airways,2019-05-27,Delhi,Cochin,,,1595,1.0,In-flight meal not included,12898
Jet Airways,2019-06-09,Delhi,Cochin,,,1655,1.0,In-flight meal not included,10262
Jet Airways,2019-03-21,Delhi,Cochin,,,1925,2.0,No Info,11869
Air India,2019-05-15,Delhi,Cochin,,,965,1.0,No Info,7480
Jet Airways,2019-06-24,Delhi,Cochin,,,1355,1.0,In-flight meal not included,10262
Air India,2019-03-27,Delhi,Cochin,,08:00:00,170,0.0,No Info,4729
Air India,2019-04-01,Kolkata,Banglore,,,745,1.0,No Info,7893
Spicejet,2019-04-21,Kolkata,Banglore,,,140,0.0,No Info,4911
Air India,2019-03-09,Banglore,New Delhi,,,1560,1.0,No Info,5626
Multiple Carriers,2019-03-09,Delhi,Cochin,,21:20:00,855,2.0,No Info,8620
Jet Airways,2019-06-09,Kolkata,Banglore,,,960,1.0,No Info,14571
Indigo,2019-06-15,Banglore,Delhi,,,170,0.0,No Info,4077
Indigo,2019-06-15,Delhi,Cochin,,16:10:00,455,1.0,No Info,6442
Indigo,2019-05-09,Chennai,Kolkata,,10:15:00,140,0.0,No Info,3850
Jet Airways,2019-05-27,Delhi,Cochin,,12:35:00,330,1.0,No Info,16289
Multiple Carriers,2019-03-27,Delhi,Cochin,,15:30:00,450,1.0,No Info,12537
Indigo,2019-05-15,Kolkata,Banglore,,23:30:00,325,1.0,No Info,6218
Jet Airways,2019-05-06,Kolkata,Banglore,,,1285,1.0,In-flight meal not included,7757
Jet Airways,2019-03-18,Banglore,New Delhi,,,1200,1.0,No Info,12284
Jet Airways,2019-05-06,Kolkata,Banglore,,,1655,1.0,No Info,13941
Spicejet,2019-06-27,Mumbai,Hyderabad,,14:45:00,90,0.0,No Info,2017
Indigo,2019-06-27,Kolkata,Banglore,,16:55:00,150,0.0,No Info,4804
Jet Airways,2019-06-06,Delhi,Cochin,,,335,1.0,No Info,14714
Indigo,2019-05-09,Delhi,Cochin,,08:50:00,195,0.0,No Info,5000
Jet Airways,2019-06-01,Delhi,Cochin,,14:15:00,195,0.0,In-flight meal not included,7202
Multiple Carriers,2019-03-27,Delhi,Cochin,,19:15:00,870,1.0,No Info,7574
Air India,2019-05-15,Kolkata,Banglore,,,2065,2.0,No Info,12723
Jet Airways,2019-05-01,Kolkata,Banglore,,,665,1.0,In-flight meal not included,10844
Jet Airways,2019-03-01,Banglore,New Delhi,,10:45:00,300,1.0,No Info,52229
Indigo,2019-03-06,Chennai,Kolkata,,21:55:00,140,0.0,No Info,7295
Air India,2019-03-01,Banglore,New Delhi,,22:55:00,745,1.0,No Info,11003
Goair,2019-06-09,Kolkata,Banglore,,14:35:00,475,1.0,No Info,3673
Indigo,2019-04-27,Kolkata,Banglore,,19:50:00,155,0.0,No Info,4804
Jet Airways,2019-03-18,Banglore,New Delhi,,15:55:00,420,2.0,No Info,16338
Multiple Carriers,2019-05-27,Delhi,Cochin,,19:15:00,455,1.0,No Info,9316
Air Asia,2019-05-06,Kolkata,Banglore,,22:25:00,150,0.0,No Info,4409
Jet Airways,2019-04-09,Banglore,Delhi,,08:45:00,165,0.0,In-flight meal not included,4544
Air India,2019-05-21,Kolkata,Banglore,,,1210,2.0,No Info,11432
Jet Airways,2019-03-24,Kolkata,Banglore,,,1210,1.0,In-flight meal not included,11134
Vistara,2019-03-09,Banglore,New Delhi,,,1665,1.0,No Info,10008
Jet Airways,2019-06-06,Delhi,Cochin,,,1415,1.0,In-flight meal not included,11627
Jet Airways,2019-03-01,Banglore,New Delhi,,,1365,1.0,No Info,25735
Air Asia,2019-05-18,Banglore,Delhi,,,170,0.0,No Info,4483
Jet Airways,2019-03-18,Banglore,New Delhi,,,640,1.0,No Info,13555
Indigo,2019-06-24,Delhi,Cochin,,12:10:00,275,1.0,No Info,5054
Jet Airways,2019-03-01,Banglore,New Delhi,,,1280,1.0,No Info,20800
Jet Airways,2019-06-06,Delhi,Cochin,,,1125,2.0,No Info,13014
Multiple Carriers,2019-05-27,Delhi,Cochin,,12:35:00,525,1.0,No Info,10197
Jet Airways,2019-05-18,Kolkata,Banglore,,,775,1.0,No Info,13941
Air India,2019-06-15,Delhi,Cochin,,,1820,2.0,No Info,12646
Jet Airways,2019-05-01,Kolkata,Banglore,,,1495,1.0,In-flight meal not included,9663
Jet Airways,2019-06-09,Kolkata,Banglore,,,1685,1.0,No Info,12692
Spicejet,2019-05-09,Kolkata,Banglore,,17:15:00,520,1.0,No Info,6171
Jet Airways,2019-05-24,Kolkata,Banglore,,,730,1.0,In-flight meal not included,9663
Spicejet,2019-04-01,Banglore,Delhi,,08:35:00,160,0.0,No check-in baggage included,3919
Jet Airways,2019-04-01,Kolkata,Banglore,,16:20:00,475,1.0,In-flight meal not included,7851
Indigo,2019-04-21,Banglore,Delhi,,03:25:00,175,0.0,No Info,3943
Indigo,2019-03-21,Delhi,Cochin,,08:30:00,355,1.0,No Info,8470
Multiple Carriers,2019-06-06,Delhi,Cochin,,22:30:00,925,1.0,No Info,9646
Jet Airways,2019-05-12,Banglore,Delhi,,22:50:00,180,0.0,In-flight meal not included,3502
Indigo,2019-06-09,Chennai,Kolkata,,14:00:00,145,0.0,No Info,3858
Air India,2019-04-21,Delhi,Cochin,,23:00:00,1010,1.0,No Info,7174
Vistara,2019-06-06,Kolkata,Banglore,,23:25:00,385,1.0,No Info,8610
Jet Airways,2019-05-06,Kolkata,Banglore,,16:20:00,475,1.0,In-flight meal not included,10844
Air India,2019-06-06,Delhi,Cochin,,,875,1.0,No Info,7258
Jet Airways,2019-06-24,Delhi,Cochin,,,825,1.0,In-flight meal not included,10262
Indigo,2019-04-21,Kolkata,Banglore,,07:15:00,155,0.0,No Info,4804
Air India,2019-03-12,Mumbai,Hyderabad,,,1345,1.0,No Info,10943
Multiple Carriers,2019-06-24,Delhi,Cochin,,21:00:00,835,1.0,No Info,13797
Jet Airways,2019-06-15,Delhi,Cochin,,,1615,2.0,In-flight meal not included,10368
Indigo,2019-05-18,Chennai,Kolkata,,17:05:00,140,0.0,No Info,3858
Air India,2019-05-27,Delhi,Cochin,,,1275,2.0,No Info,10231
Spicejet,2019-04-03,Banglore,Delhi,,12:20:00,170,0.0,No Info,3971
Indigo,2019-03-09,Delhi,Cochin,,21:00:00,860,1.0,No Info,12351
Jet Airways,2019-04-06,Delhi,Cochin,,12:35:00,330,1.0,In-flight meal not included,5406
Air India,2019-06-15,Delhi,Cochin,,23:00:00,1010,1.0,No Info,8907
Jet Airways,2019-06-03,Delhi,Cochin,,,1235,1.0,No Info,14714
Vistara,2019-06-27,Banglore,Delhi,,12:35:00,170,0.0,No Info,4668
Indigo,2019-03-21,Chennai,Kolkata,,10:15:00,140,0.0,No Info,3384
Indigo,2019-03-09,Delhi,Cochin,,07:10:00,305,1.0,No Info,10482
Spicejet,2019-06-09,Kolkata,Banglore,,21:25:00,330,1.0,No Info,9158
Indigo,2019-04-15,Delhi,Cochin,,17:40:00,195,0.0,No Info,6015
Indigo,2019-03-06,Delhi,Cochin,,,635,1.0,No Info,14871
Jet Airways,2019-05-15,Mumbai,Hyderabad,,04:20:00,85,0.0,In-flight meal not included,3210
Indigo,2019-03-03,Kolkata,Banglore,,12:20:00,165,0.0,No Info,6565
Jet Airways,2019-03-12,Banglore,New Delhi,,,650,1.0,No Info,12547
Indigo,2019-03-24,Banglore,New Delhi,,21:20:00,175,0.0,No Info,7303
Multiple Carriers,2019-06-15,Delhi,Cochin,,22:30:00,455,1.0,In-flight meal not included,6093
Air India,2019-05-18,Delhi,Cochin,,17:10:00,180,0.0,No Info,6934
Indigo,2019-03-24,Kolkata,Banglore,,08:20:00,170,0.0,No Info,4778
Jet Airways,2019-05-09,Kolkata,Banglore,,18:15:00,705,1.0,No Info,14781
Spicejet,2019-06-09,Kolkata,Banglore,,11:25:00,145,0.0,No Info,4174
Jet Airways,2019-04-06,Banglore,Delhi,,08:45:00,165,0.0,In-flight meal not included,4544
Jet Airways,2019-06-24,Delhi,Cochin,,19:00:00,300,1.0,In-flight meal not included,10262
Jet Airways,2019-05-18,Delhi,Cochin,,,1775,2.0,No Info,15129
Multiple Carriers,2019-06-27,Delhi,Cochin,,19:15:00,630,1.0,No Info,8266
Multiple Carriers,2019-06-12,Delhi,Cochin,,19:15:00,675,1.0,No Info,15058
Jet Airways,2019-05-24,Kolkata,Banglore,,,585,1.0,No Info,13731
Spicejet,2019-06-03,Kolkata,Banglore,,19:40:00,150,0.0,No Info,3873
Goair,2019-05-09,Delhi,Cochin,,13:35:00,370,1.0,No Info,5842
Multiple Carriers,2019-05-21,Delhi,Cochin,,19:00:00,690,1.0,No Info,9794
Air India,2019-06-12,Kolkata,Banglore,,20:25:00,875,2.0,No Info,12723
Vistara,2019-06-06,Chennai,Kolkata,,09:20:00,135,0.0,No Info,3687
Air Asia,2019-06-15,Kolkata,Banglore,,12:55:00,155,0.0,No Info,4409
Air India,2019-03-03,Banglore,New Delhi,,23:55:00,1030,2.0,No Info,10573
Indigo,2019-04-01,Delhi,Cochin,,12:10:00,320,1.0,No Info,5298
Vistara,2019-05-24,Kolkata,Banglore,,,865,1.0,No Info,9187
Indigo,2019-05-01,Kolkata,Banglore,,22:55:00,155,0.0,No Info,4804
Indigo,2019-04-24,Banglore,Delhi,,03:25:00,175,0.0,No Info,3419
Spicejet,2019-05-27,Chennai,Kolkata,,20:05:00,140,0.0,No Info,3597
Jet Airways,2019-05-09,Mumbai,Hyderabad,,08:30:00,85,0.0,No Info,8040
Indigo,2019-03-03,Delhi,Cochin,,21:20:00,565,2.0,No Info,9413
Indigo,2019-04-15,Kolkata,Banglore,,20:05:00,290,1.0,No Info,4775
Air India,2019-05-06,Banglore,Delhi,,19:45:00,165,0.0,No Info,5228
Indigo,2019-03-21,Delhi,Cochin,,21:00:00,755,1.0,No Info,8285
Indigo,2019-05-24,Banglore,Delhi,,21:50:00,175,0.0,No Info,4823
Air India,2019-05-24,Mumbai,Hyderabad,,15:25:00,90,0.0,No Info,3100
Air India,2019-06-21,Chennai,Kolkata,,13:55:00,135,0.0,No Info,4667
Multiple Carriers,2019-03-06,Delhi,Cochin,,,470,1.0,No Info,15147
Spicejet,2019-03-01,Mumbai,Hyderabad,,,85,0.0,No Info,11005
Jet Airways,2019-03-27,Delhi,Cochin,,,520,1.0,No Info,12242
Jet Airways,2019-03-09,Delhi,Cochin,,,870,2.0,No Info,17229
Jet Airways,2019-05-09,Delhi,Cochin,,19:00:00,660,1.0,No Info,15554
Jet Airways,2019-05-27,Delhi,Cochin,,,610,1.0,In-flight meal not included,12898
Jet Airways,2019-03-06,Banglore,New Delhi,,,1455,1.0,No Info,17996
Air India,2019-05-06,Delhi,Cochin,,,1855,2.0,No Info,13538
Multiple Carriers,2019-06-27,Delhi,Cochin,,,480,1.0,No Info,13377
Jet Airways,2019-04-01,Delhi,Cochin,,,1145,1.0,In-flight meal not included,5406
Air Asia,2019-04-27,Kolkata,Banglore,,22:25:00,150,0.0,No Info,4409
Goair,2019-04-09,Banglore,Delhi,,23:40:00,165,0.0,No Info,4239
Air India,2019-06-24,Delhi,Cochin,,,1580,2.0,No Info,11185
Air India,2019-04-09,Delhi,Cochin,,,1115,2.0,No Info,8577
Air India,2019-06-27,Mumbai,Hyderabad,,22:25:00,80,0.0,No Info,3100
Indigo,2019-05-18,Delhi,Cochin,,22:30:00,835,1.0,No Info,7144
Spicejet,2019-05-15,Chennai,Kolkata,,20:05:00,140,0.0,No Info,3597
Jet Airways,2019-05-18,Kolkata,Banglore,,21:05:00,690,1.0,No Info,14151
Indigo,2019-06-18,Chennai,Kolkata,,10:15:00,140,0.0,No Info,3850
Jet Airways,2019-05-01,Kolkata,Banglore,,,730,1.0,No Info,14781
Jet Airways,2019-05-21,Delhi,Cochin,,,810,2.0,No Info,15129
Spicejet,2019-05-21,Kolkata,Banglore,,19:40:00,150,0.0,No check-in baggage included,3841
Jet Airways,2019-05-01,Banglore,Delhi,,18:10:00,175,0.0,In-flight meal not included,4544
Indigo,2019-05-09,Chennai,Kolkata,,21:55:00,140,0.0,No Info,3597
Multiple Carriers,2019-03-21,Delhi,Cochin,,13:20:00,665,1.0,No Info,13961
Air Asia,2019-05-09,Delhi,Cochin,,,865,1.0,No Info,7353
Jet Airways,2019-06-21,Mumbai,Hyderabad,,21:05:00,90,0.0,No Info,5678
Jet Airways,2019-05-15,Kolkata,Banglore,,16:20:00,590,1.0,In-flight meal not included,10844
Jet Airways,2019-06-06,Banglore,Delhi,,22:50:00,180,0.0,No Info,8016
Goair,2019-06-18,Banglore,Delhi,,10:40:00,175,0.0,No Info,3419
Jet Airways,2019-06-03,Delhi,Cochin,,19:00:00,360,1.0,In-flight meal not included,10262
Indigo,2019-05-15,Kolkata,Banglore,,19:50:00,155,0.0,No Info,4804
Jet Airways,2019-05-18,Delhi,Cochin,,,1040,1.0,In-flight meal not included,12373
Indigo,2019-03-09,Banglore,New Delhi,,13:00:00,175,0.0,No Info,6860
Spicejet,2019-03-09,Banglore,New Delhi,,08:35:00,170,0.0,No Info,5126
Jet Airways,2019-05-27,Delhi,Cochin,,,505,2.0,No Info,16263
Jet Airways,2019-04-12,Banglore,Delhi,,08:45:00,165,0.0,In-flight meal not included,5198
Multiple Carriers,2019-06-03,Delhi,Cochin,,12:35:00,395,1.0,No Info,13259
Indigo,2019-03-21,Banglore,New Delhi,,06:50:00,170,0.0,No Info,4777
Indigo,2019-03-27,Mumbai,Hyderabad,,07:45:00,85,0.0,No Info,3175
Jet Airways,2019-06-01,Delhi,Cochin,,,610,1.0,In-flight meal not included,10262
Indigo,2019-06-15,Kolkata,Banglore,,19:50:00,155,0.0,No Info,4804
Vistara,2019-03-12,Mumbai,Hyderabad,,19:55:00,745,1.0,No Info,12080
Jet Airways,2019-06-15,Delhi,Cochin,,,830,2.0,In-flight meal not included,10919
Air India,2019-03-24,Kolkata,Banglore,,,1830,2.0,No Info,12835
Air India,2019-05-18,Delhi,Cochin,,19:15:00,675,1.0,No Info,8879
Multiple Carriers,2019-05-15,Delhi,Cochin,,16:10:00,545,1.0,No Info,9646
Multiple Carriers,2019-06-01,Delhi,Cochin,,21:00:00,560,1.0,No Info,7740
Air India,2019-06-09,Kolkata,Banglore,,20:25:00,805,1.0,No Info,10413
Indigo,2019-03-03,Kolkata,Banglore,,20:00:00,165,0.0,No Info,6985
Spicejet,2019-04-03,Delhi,Cochin,,22:50:00,295,1.0,No Info,4611
Multiple Carriers,2019-06-03,Delhi,Cochin,,19:00:00,630,1.0,No Info,11200
Jet Airways,2019-05-09,Kolkata,Banglore,,,1655,1.0,In-flight meal not included,9663
Jet Airways,2019-05-15,Kolkata,Banglore,,20:45:00,740,1.0,No Info,14781
Indigo,2019-05-18,Delhi,Cochin,,21:00:00,625,1.0,No Info,7503
Jet Airways,2019-03-06,Delhi,Cochin,,,1165,1.0,No Info,15764
Air India,2019-03-21,Delhi,Cochin,,,2280,3.0,No Info,9128
Air India,2019-03-27,Delhi,Cochin,,,1535,1.0,No Info,7165
Air India,2019-05-09,Delhi,Cochin,,,1275,2.0,No Info,10441
Jet Airways,2019-06-15,Delhi,Cochin,,,1025,2.0,In-flight meal not included,10368
Jet Airways,2019-06-06,Kolkata,Banglore,,23:35:00,395,1.0,In-flight meal not included,13469
Jet Airways,2019-03-09,Delhi,Cochin,,19:45:00,775,1.0,No Info,16289
Jet Airways,2019-06-24,Delhi,Cochin,,19:00:00,540,1.0,In-flight meal not included,10262
Vistara,2019-03-06,Mumbai,Hyderabad,,,690,1.0,No Info,12395
Air India,2019-06-03,Delhi,Cochin,,,1595,2.0,No Info,9968
Jet Airways,2019-06-09,Banglore,Delhi,,14:05:00,175,0.0,No Info,8016
Air India,2019-06-06,Mumbai,Hyderabad,,22:25:00,80,0.0,No Info,3100
Air India,2019-04-01,Kolkata,Banglore,,,1830,2.0,No Info,9258
Multiple Carriers,2019-05-18,Delhi,Cochin,,21:00:00,480,1.0,No Info,9385
Jet Airways,2019-05-24,Kolkata,Banglore,,17:35:00,435,1.0,In-flight meal not included,6287
Jet Airways,2019-03-27,Delhi,Cochin,,,655,1.0,In-flight meal not included,6540
Jet Airways,2019-03-27,Delhi,Cochin,,,1225,1.0,In-flight meal not included,6645
Multiple Carriers,2019-06-06,Delhi,Cochin,,19:15:00,705,1.0,No Info,9001
Spicejet,2019-06-24,Delhi,Cochin,,22:05:00,380,1.0,No Info,5583
Jet Airways,2019-06-24,Delhi,Cochin,,,1530,1.0,In-flight meal not included,10262
Jet Airways,2019-06-15,Delhi,Cochin,,,1130,2.0,In-flight meal not included,11507
Air India,2019-04-01,Banglore,Delhi,,08:55:00,165,0.0,No Info,5176
Indigo,2019-03-09,Banglore,New Delhi,,,170,0.0,No Info,5694
Air India,2019-06-01,Delhi,Cochin,,19:15:00,555,1.0,No Info,9929
Air India,2019-05-21,Delhi,Cochin,,,1545,2.0,No Info,11543
Jet Airways,2019-03-21,Mumbai,Hyderabad,,21:05:00,90,0.0,No Info,5678
Air India,2019-06-01,Delhi,Cochin,,23:00:00,570,1.0,No Info,8907
Jet Airways,2019-06-09,Delhi,Cochin,,12:35:00,330,1.0,In-flight meal not included,10262
Jet Airways,2019-03-18,Banglore,New Delhi,,,1365,1.0,In-flight meal not included,11087
Multiple Carriers,2019-05-09,Delhi,Cochin,,19:15:00,615,1.0,No Info,14323
Jet Airways,2019-06-06,Delhi,Cochin,,19:00:00,440,2.0,No Info,18804
Vistara,2019-04-01,Kolkata,Banglore,,,1065,1.0,No Info,9187
Multiple Carriers,2019-06-12,Delhi,Cochin,,21:00:00,835,1.0,In-flight meal not included,10406
Indigo,2019-05-03,Chennai,Kolkata,,17:05:00,140,0.0,No Info,3858
Air India,2019-03-15,Banglore,New Delhi,,12:15:00,330,1.0,No Info,8714
Jet Airways,2019-06-12,Kolkata,Banglore,,,775,1.0,In-flight meal not included,8529
Multiple Carriers,2019-05-21,Delhi,Cochin,,19:00:00,615,1.0,No Info,9794
Multiple Carriers,2019-06-12,Delhi,Cochin,,,435,1.0,No Info,13377
Air India,2019-05-21,Delhi,Cochin,,,2295,2.0,No Info,9968
Goair,2019-06-03,Delhi,Cochin,,13:35:00,370,1.0,No Info,6976
Indigo,2019-05-24,Kolkata,Banglore,,23:30:00,325,1.0,No Info,6218
Air India,2019-06-09,Kolkata,Banglore,,,1200,2.0,No Info,13007
Air India,2019-06-21,Delhi,Cochin,,21:10:00,185,0.0,No Info,5411
Air India,2019-03-06,Delhi,Cochin,,17:10:00,180,0.0,No Info,7931
Spicejet,2019-06-27,Kolkata,Banglore,,11:25:00,145,0.0,No Info,3873
Multiple Carriers,2019-03-21,Delhi,Cochin,,18:50:00,510,1.0,No Info,11999
Air India,2019-03-21,Delhi,Cochin,,19:15:00,375,1.0,No Info,7934
Jet Airways,2019-05-27,Delhi,Cochin,,,1395,1.0,In-flight meal not included,12898
Indigo,2019-06-06,Chennai,Kolkata,,21:55:00,140,0.0,No Info,3597
Multiple Carriers,2019-05-27,Delhi,Cochin,,,750,1.0,No Info,13377
Multiple Carriers,2019-06-03,Delhi,Cochin,,,435,1.0,No Info,13377
Jet Airways,2019-03-06,Banglore,New Delhi,,12:25:00,325,1.0,No Info,22270
Indigo,2019-06-27,Banglore,Delhi,,19:55:00,180,0.0,No Info,4823
Jet Airways,2019-04-24,Banglore,Delhi,,10:10:00,180,0.0,In-flight meal not included,6144
Spicejet,2019-04-06,Kolkata,Banglore,,09:30:00,155,0.0,No check-in baggage included,3841
Indigo,2019-06-15,Delhi,Cochin,,,345,1.0,No Info,6195
Vistara,2019-06-21,Chennai,Kolkata,,20:05:00,140,0.0,No Info,11982
Multiple Carriers,2019-03-06,Delhi,Cochin,,18:50:00,730,1.0,No Info,15135
Vistara,2019-05-01,Banglore,Delhi,,09:40:00,160,0.0,No Info,4668
Jet Airways,2019-06-15,Delhi,Cochin,,,1125,2.0,In-flight meal not included,10368
Indigo,2019-03-21,Delhi,Cochin,,22:20:00,370,1.0,No Info,6528
Multiple Carriers,2019-06-01,Delhi,Cochin,,19:00:00,600,1.0,No Info,12717
Jet Airways,2019-06-06,Kolkata,Banglore,,23:35:00,840,1.0,No Info,14151
Jet Airways,2019-05-21,Delhi,Cochin,,12:35:00,620,1.0,In-flight meal not included,12898
Air Asia,2019-05-21,Delhi,Cochin,,22:30:00,345,1.0,No Info,8028
Multiple Carriers,2019-03-27,Delhi,Cochin,,19:15:00,705,1.0,No Info,8371
Multiple Carriers,2019-06-27,Delhi,Cochin,,21:00:00,780,1.0,No Info,7408
Jet Airways,2019-06-21,Banglore,Delhi,,22:00:00,185,0.0,No Info,8541
Jet Airways,2019-05-27,Delhi,Cochin,,,505,2.0,In-flight meal not included,15318
Jet Airways,2019-03-06,Banglore,New Delhi,,,1265,1.0,No Info,14815
Indigo,2019-05-21,Banglore,Delhi,,13:00:00,170,0.0,No Info,3943
Multiple Carriers,2019-06-24,Delhi,Cochin,,19:00:00,690,1.0,No Info,10877
Multiple Carriers,2019-05-09,Delhi,Cochin,,21:00:00,480,1.0,No Info,13727
Vistara,2019-03-09,Chennai,Kolkata,,09:20:00,135,0.0,No Info,6627
Jet Airways,2019-03-12,Banglore,New Delhi,,23:00:00,960,1.0,No Info,13817
Jet Airways,2019-05-18,Delhi,Cochin,,19:00:00,810,2.0,No Info,15129
Jet Airways,2019-06-24,Delhi,Cochin,,,335,1.0,No Info,14714
Indigo,2019-05-18,Chennai,Kolkata,,14:00:00,145,0.0,No Info,4332
Jet Airways,2019-05-21,Kolkata,Banglore,,,1005,1.0,No Info,13067
Jet Airways,2019-06-09,Kolkata,Banglore,,,450,1.0,In-flight meal not included,8586
Spicejet,2019-05-09,Mumbai,Hyderabad,,14:45:00,90,0.0,No check-in baggage included,2175
Air Asia,2019-04-18,Banglore,Delhi,,07:45:00,170,0.0,No Info,4282
Multiple Carriers,2019-03-06,Delhi,Cochin,,21:00:00,480,1.0,No Info,15603
Jet Airways,2019-06-09,Delhi,Cochin,,,1375,2.0,In-flight meal not included,10368
Air Asia,2019-06-09,Banglore,Delhi,,,170,0.0,No Info,7120
Indigo,2019-03-27,Delhi,Cochin,,,845,1.0,No Info,6206
Vistara,2019-03-06,Chennai,Kolkata,,09:20:00,135,0.0,No Info,7414
Indigo,2019-05-27,Delhi,Cochin,,22:30:00,635,1.0,No Info,6442
Multiple Carriers,2019-05-27,Delhi,Cochin,,19:00:00,740,1.0,No Info,9315
Air India,2019-05-09,Delhi,Cochin,,,865,2.0,No Info,13039
Indigo,2019-03-18,Banglore,New Delhi,,,170,0.0,No Info,4545
Jet Airways,2019-03-21,Delhi,Cochin,,,335,1.0,In-flight meal not included,6017
Air India,2019-05-24,Kolkata,Banglore,,,1555,2.0,No Info,6117
Jet Airways,2019-06-24,Delhi,Cochin,,,610,1.0,In-flight meal not included,10262
Indigo,2019-06-27,Delhi,Cochin,,21:00:00,860,1.0,No Info,6093
Jet Airways,2019-05-12,Kolkata,Banglore,,,1495,1.0,In-flight meal not included,10844
Vistara,2019-05-21,Delhi,Cochin,,09:10:00,190,0.0,No Info,6741
Indigo,2019-05-15,Kolkata,Banglore,,,315,1.0,No Info,7228
Air India,2019-06-09,Banglore,Delhi,,23:55:00,170,0.0,No Info,5228
Jet Airways,2019-06-24,Delhi,Cochin,,,830,2.0,No Info,13376
Indigo,2019-05-01,Kolkata,Banglore,,18:05:00,155,0.0,No Info,4804
Air India,2019-03-21,Banglore,New Delhi,,,770,1.0,No Info,6955
Multiple Carriers,2019-06-24,Delhi,Cochin,,21:00:00,660,1.0,No Info,13587
Vistara,2019-06-15,Chennai,Kolkata,,20:05:00,140,0.0,No Info,11982
Air India,2019-05-06,Mumbai,Hyderabad,,15:25:00,90,0.0,No Info,3625
Indigo,2019-05-24,Chennai,Kolkata,,10:15:00,140,0.0,No Info,3850
Goair,2019-06-01,Delhi,Cochin,,13:35:00,370,1.0,No Info,6393
Air India,2019-05-15,Delhi,Cochin,,,865,2.0,No Info,13039
Jet Airways,2019-03-27,Delhi,Cochin,,,1225,1.0,No Info,12452
Air India,2019-03-03,Banglore,New Delhi,,,2105,2.0,No Info,11791
Vistara,2019-03-06,Mumbai,Hyderabad,,,1065,1.0,No Info,12395
Spicejet,2019-04-06,Kolkata,Banglore,,19:40:00,150,0.0,No check-in baggage included,3841
Indigo,2019-05-09,Mumbai,Hyderabad,,04:05:00,90,0.0,No Info,2754
Air India,2019-03-24,Banglore,New Delhi,,,1795,2.0,No Info,8114
Jet Airways,2019-06-06,Kolkata,Banglore,,,870,1.0,In-flight meal not included,10539
Air India,2019-06-27,Kolkata,Banglore,,16:45:00,150,0.0,No Info,5510
Jet Airways,2019-05-06,Kolkata,Banglore,,19:10:00,575,1.0,No Info,13067
Air India,2019-03-06,Delhi,Cochin,,,1545,2.0,No Info,14641
Multiple Carriers,2019-03-27,Delhi,Cochin,,18:50:00,485,1.0,No Info,11622
Jet Airways,2019-05-15,Kolkata,Banglore,,,730,1.0,In-flight meal not included,10844
Vistara,2019-06-18,Banglore,Delhi,,19:35:00,155,0.0,No Info,4878
Indigo,2019-06-03,Delhi,Cochin,,16:10:00,560,1.0,No Info,7514
Vistara,2019-05-24,Kolkata,Banglore,,,1440,1.0,No Info,9345
Spicejet,2019-03-09,Kolkata,Banglore,,11:30:00,150,0.0,No Info,5515
Spicejet,2019-05-09,Kolkata,Banglore,,21:25:00,330,1.0,No Info,8224
Air India,2019-03-24,Banglore,New Delhi,,19:45:00,165,0.0,No Info,5176
Jet Airways,2019-04-01,Mumbai,Hyderabad,,04:20:00,85,0.0,In-flight meal not included,2228
Jet Airways,2019-06-24,Delhi,Cochin,,,505,2.0,In-flight meal not included,12410
Multiple Carriers,2019-06-15,Delhi,Cochin,,,750,1.0,No Info,7198
Indigo,2019-04-03,Kolkata,Banglore,,14:05:00,155,0.0,No Info,4174
Jet Airways,2019-05-18,Kolkata,Banglore,,22:05:00,750,1.0,In-flight meal not included,12384
Multiple Carriers,2019-03-09,Delhi,Cochin,,12:55:00,535,1.0,No Info,16259
Vistara,2019-06-12,Kolkata,Banglore,,,1440,1.0,No Info,8085
Vistara,2019-05-01,Banglore,Delhi,,12:35:00,170,0.0,No Info,4668
Indigo,2019-03-06,Mumbai,Hyderabad,,18:25:00,90,0.0,No Info,4784
Jet Airways,2019-06-27,Delhi,Cochin,,12:35:00,620,1.0,In-flight meal not included,10262
Goair,2019-05-06,Kolkata,Banglore,,,495,1.0,No Info,7451
Indigo,2019-05-01,Kolkata,Banglore,,14:15:00,295,1.0,No Info,8443
Indigo,2019-06-15,Banglore,Delhi,,08:50:00,165,0.0,No Info,4423
Air India,2019-03-03,Delhi,Cochin,,,1560,2.0,No Info,13442
Jet Airways,2019-03-24,Mumbai,Hyderabad,,04:25:00,90,0.0,In-flight meal not included,2071
Jet Airways,2019-05-21,Kolkata,Banglore,,21:05:00,690,1.0,No Info,14151
Jet Airways,2019-04-03,Banglore,Delhi,,22:00:00,185,0.0,In-flight meal not included,4544
Spicejet,2019-03-24,Banglore,New Delhi,,23:20:00,170,0.0,No Info,5575
Jet Airways,2019-06-27,Delhi,Cochin,,19:00:00,715,1.0,In-flight meal not included,10262
Air India,2019-05-01,Kolkata,Banglore,,,1665,2.0,No Info,15164
Spicejet,2019-04-01,Banglore,Delhi,,08:35:00,160,0.0,No Info,3971
Indigo,2019-06-12,Banglore,Delhi,,21:50:00,175,0.0,No Info,4823
Jet Airways,2019-03-27,Delhi,Cochin,,18:50:00,440,1.0,No Info,12242
Vistara,2019-06-01,Chennai,Kolkata,,09:20:00,135,0.0,No Info,3687
Air India,2019-05-06,Kolkata,Banglore,,18:30:00,545,1.0,No Info,8891
Jet Airways,2019-05-24,Kolkata,Banglore,,18:15:00,705,1.0,In-flight meal not included,10844
Indigo,2019-05-21,Banglore,Delhi,,10:05:00,175,0.0,No Info,4823
Indigo,2019-06-03,Delhi,Cochin,,17:40:00,195,0.0,No Info,6015
Air India,2019-05-18,Banglore,Delhi,,16:10:00,170,0.0,No Info,6121
Spicejet,2019-03-24,Chennai,Kolkata,,12:05:00,155,0.0,No check-in baggage included,3807
Indigo,2019-03-03,Mumbai,Hyderabad,,22:45:00,85,0.0,No Info,4784
Indigo,2019-04-24,Delhi,Cochin,,21:00:00,965,1.0,No Info,6162
Jet Airways,2019-05-09,Delhi,Cochin,,,1395,1.0,In-flight meal not included,12373
Spicejet,2019-03-12,Chennai,Kolkata,,10:35:00,135,0.0,No Info,6300
Spicejet,2019-05-01,Kolkata,Banglore,,,140,0.0,No Info,3873
Jet Airways,2019-06-21,Banglore,Delhi,,20:45:00,180,0.0,No Info,8541
Jet Airways,2019-05-15,Kolkata,Banglore,,,1295,1.0,No Info,14151
Jet Airways,2019-05-15,Delhi,Cochin,,12:35:00,620,1.0,In-flight meal not included,12373
Indigo,2019-06-03,Banglore,Delhi,,,170,0.0,No Info,3359
Air India,2019-05-21,Delhi,Cochin,,19:15:00,375,1.0,No Info,8372
Indigo,2019-04-03,Banglore,Delhi,,22:50:00,170,0.0,No Info,4823
Air India,2019-04-01,Kolkata,Banglore,,,970,2.0,No Info,9920
Vistara,2019-04-06,Banglore,Delhi,,22:15:00,165,0.0,No Info,5613
Multiple Carriers,2019-05-18,Delhi,Cochin,,19:00:00,660,1.0,No Info,10197
Jet Airways,2019-06-12,Kolkata,Banglore,,,800,1.0,In-flight meal not included,10539
Jet Airways,2019-05-12,Kolkata,Banglore,,,1685,1.0,In-flight meal not included,10703
Air India,2019-06-12,Delhi,Cochin,,,1590,1.0,No Info,8907
Jet Airways,2019-06-06,Delhi,Cochin,,12:35:00,425,2.0,No Info,14441
Spicejet,2019-06-09,Kolkata,Banglore,,,140,0.0,No check-in baggage included,3841
Jet Airways,2019-04-15,Banglore,Delhi,,20:45:00,180,0.0,In-flight meal not included,4544
Indigo,2019-05-27,Mumbai,Hyderabad,,18:25:00,90,0.0,No Info,3175
Jet Airways,2019-04-01,Kolkata,Banglore,,20:45:00,740,1.0,In-flight meal not included,7064
Spicejet,2019-03-03,Kolkata,Banglore,,19:45:00,150,0.0,No Info,6251
Multiple Carriers,2019-05-27,Delhi,Cochin,,19:15:00,795,1.0,No Info,10786
Vistara,2019-05-24,Kolkata,Banglore,,,1350,1.0,No Info,9345
Indigo,2019-06-24,Delhi,Cochin,,,415,1.0,No Info,5883
Jet Airways,2019-06-24,Delhi,Cochin,,,830,2.0,No Info,13376
Jet Airways,2019-06-09,Delhi,Cochin,,,1530,1.0,In-flight meal not included,10262
Jet Airways,2019-05-21,Kolkata,Banglore,,19:50:00,685,1.0,In-flight meal not included,10844
Air India,2019-03-12,Banglore,New Delhi,,,1710,2.0,No Info,12734
Air India,2019-05-21,Banglore,Delhi,,23:55:00,170,0.0,No Info,5228
Indigo,2019-03-09,Banglore,New Delhi,,22:55:00,175,0.0,No Info,6144
Jet Airways,2019-04-09,Delhi,Cochin,,,1195,2.0,No Info,9483
Jet Airways,2019-05-06,Mumbai,Hyderabad,,04:20:00,85,0.0,In-flight meal not included,3210
Jet Airways,2019-04-01,Kolkata,Banglore,,19:10:00,575,1.0,In-flight meal not included,9314
Multiple Carriers,2019-03-21,Delhi,Cochin,,21:00:00,725,1.0,No Info,9845
Jet Airways,2019-05-24,Kolkata,Banglore,,,800,1.0,No Info,13067
Air India,2019-06-12,Banglore,Delhi,,12:45:00,165,0.0,No Info,6961
Air India,2019-05-18,Delhi,Cochin,,,965,1.0,No Info,7690
Jet Airways,2019-06-01,Delhi,Cochin,,,610,1.0,No Info,14714
Indigo,2019-04-27,Delhi,Cochin,,08:50:00,195,0.0,No Info,6015
Air Asia,2019-03-06,Delhi,Cochin,,,660,1.0,No Info,8627
Indigo,2019-06-03,Delhi,Cochin,,08:50:00,195,0.0,No Info,5601
Multiple Carriers,2019-06-15,Delhi,Cochin,,19:15:00,555,1.0,No Info,16108
Jet Airways,2019-03-24,Mumbai,Hyderabad,,11:50:00,90,0.0,No Info,5678
Multiple Carriers,2019-03-09,Delhi,Cochin,,19:15:00,755,1.0,No Info,13082
Indigo,2019-03-27,Chennai,Kolkata,,,140,0.0,No Info,5277
Indigo,2019-03-03,Delhi,Cochin,,13:20:00,515,1.0,No Info,14871
Air Asia,2019-05-24,Kolkata,Banglore,,23:30:00,955,1.0,No Info,5192
Air India,2019-05-09,Kolkata,Banglore,,,920,2.0,No Info,13033
Indigo,2019-06-12,Chennai,Kolkata,,07:40:00,145,0.0,No Info,3540
Goair,2019-03-27,Delhi,Cochin,,13:20:00,440,1.0,No Info,4563
Indigo,2019-03-24,Chennai,Kolkata,,21:55:00,140,0.0,No Info,7295
Jet Airways,2019-06-06,Delhi,Cochin,,12:35:00,330,1.0,In-flight meal not included,10262
Jet Airways,2019-05-27,Delhi,Cochin,,,1045,2.0,No Info,15129
Air India,2019-03-03,Banglore,New Delhi,,12:55:00,425,1.0,No Info,12389
Jet Airways,2019-03-18,Banglore,New Delhi,,,565,1.0,In-flight meal not included,11087
Indigo,2019-05-27,Delhi,Cochin,,12:30:00,315,1.0,No Info,5636
Jet Airways,2019-06-06,Kolkata,Banglore,,22:05:00,750,1.0,No Info,14151
Jet Airways,2019-05-18,Delhi,Cochin,,,1615,2.0,No Info,15129
Multiple Carriers,2019-03-03,Delhi,Cochin,,15:30:00,795,1.0,No Info,17057
Jet Airways,2019-05-24,Kolkata,Banglore,,20:45:00,400,1.0,In-flight meal not included,10844
Jet Airways,2019-06-06,Delhi,Cochin,,,830,2.0,No Info,13376
Multiple Carriers,2019-05-27,Delhi,Cochin,,19:15:00,555,1.0,In-flight meal not included,11446
Jet Airways,2019-06-12,Delhi,Cochin,,,830,2.0,In-flight meal not included,10919
Jet Airways,2019-06-18,Delhi,Cochin,,13:05:00,195,0.0,In-flight meal not included,4466
Multiple Carriers,2019-06-27,Delhi,Cochin,,19:00:00,720,1.0,No Info,12192
Jet Airways,2019-05-18,Delhi,Cochin,,,1045,2.0,No Info,15129
Multiple Carriers,2019-03-06,Delhi,Cochin,,13:20:00,375,1.0,No Info,17267
Air India,2019-03-24,Kolkata,Banglore,,,960,1.0,No Info,12173
Spicejet,2019-03-18,Chennai,Kolkata,,12:05:00,155,0.0,No Info,3859
Vistara,2019-05-06,Chennai,Kolkata,,09:20:00,135,0.0,No Info,3687
Air India,2019-03-01,Banglore,New Delhi,,,1705,2.0,No Info,20999
Jet Airways,2019-03-27,Delhi,Cochin,,18:50:00,650,1.0,In-flight meal not included,6068
Jet Airways,2019-06-06,Delhi,Cochin,,19:00:00,300,1.0,In-flight meal not included,10262
Air India,2019-05-27,Delhi,Cochin,,,1595,2.0,No Info,9968
Air India,2019-06-06,Delhi,Cochin,,,1470,2.0,No Info,13465
Jet Airways,2019-06-15,Delhi,Cochin,,19:00:00,360,1.0,No Info,14714
Spicejet,2019-04-24,Banglore,Delhi,,,175,0.0,No check-in baggage included,3573
Jet Airways,2019-03-03,Banglore,New Delhi,,,1420,1.0,In-flight meal not included,13502
Jet Airways,2019-06-12,Kolkata,Banglore,,21:05:00,690,1.0,No Info,12692
Indigo,2019-05-06,Chennai,Kolkata,,07:40:00,145,0.0,No Info,3540
Air Asia,2019-06-01,Banglore,Delhi,,13:55:00,165,0.0,No Info,4483
Multiple Carriers,2019-03-21,Delhi,Cochin,,18:50:00,580,1.0,No Info,13069
Jet Airways,2019-05-09,Delhi,Cochin,,,900,2.0,No Info,16704
Jet Airways,2019-05-06,Kolkata,Banglore,,18:15:00,590,1.0,No Info,14781
Indigo,2019-03-21,Banglore,New Delhi,,15:50:00,170,0.0,No Info,5694
Air Asia,2019-06-09,Delhi,Cochin,,22:25:00,340,1.0,No Info,13470
Jet Airways,2019-05-18,Delhi,Cochin,,,1775,2.0,No Info,16704
Jet Airways,2019-03-03,Delhi,Cochin,,,870,1.0,No Info,17024
Multiple Carriers,2019-03-06,Delhi,Cochin,,,485,1.0,No Info,17057
Jet Airways,2019-06-06,Mumbai,Hyderabad,,04:20:00,85,0.0,No Info,5678
Jet Airways,2019-03-21,Delhi,Cochin,,,1420,2.0,No Info,9483
Goair,2019-06-01,Delhi,Cochin,,19:35:00,310,1.0,No Info,10651
